user_id,latitude,longitude,session_duration,is_anomaly,hour_of_day,day_of_week,ip_first_octet,action_encoded,device_type_encoded
39,48.825745479585656,2.28925789792239,474,0,4,4,10,2,0
29,48.91604005038261,2.350134578470961,544,0,11,0,192,2,1
15,40.72149831645848,-73.96060640263788,593,0,18,0,192,3,0
43,37.774460472184835,-122.39682944006762,1108,0,20,4,10,3,2
8,37.81569258102446,-122.39106220365406,1120,0,16,4,172,2,2
21,55.770099008309415,37.706455641768756,62,1,1,6,203,3,0
39,48.918698529900496,2.347911841538358,645,0,23,6,172,1,0
19,48.81111535249258,2.384131182491882,432,0,0,5,172,3,2
23,37.785693032409455,-122.33395021684055,1044,0,4,6,192,3,1
11,19.481974650285036,-99.0949897805999,111,1,6,2,203,2,1
11,51.5080475768977,-0.17158493708336212,993,0,20,2,192,2,0
24,48.84670185156494,2.3760414047162053,710,0,8,2,192,2,2
36,51.42092099534954,-0.06571430201738279,1518,0,1,0,192,3,1
40,40.81615220008757,-74.10324696451853,1127,0,21,1,10,1,1
24,48.78658922244932,2.363683123211657,551,0,0,4,192,0,2
3,37.74577095421826,-122.40635467830842,776,0,22,2,10,3,0
22,35.67261629817213,139.59910907402553,1169,0,1,2,10,2,2
2,-23.486079682991075,-46.61007416973786,265,1,21,3,198,3,3
24,55.72781290126359,37.69255125573304,152,1,12,3,203,3,1
44,-33.89422029774469,151.14720797416473,149,1,10,4,203,3,1
30,40.72197559115439,-73.98834211883887,1618,0,4,6,10,2,1
38,1.3786958446109423,103.85461755633263,214,1,3,6,93,2,1
2,35.702006236428886,139.67407468207244,1029,0,15,1,192,0,2
21,51.47871230998459,-0.1618372137285277,1274,0,7,2,10,3,0
33,37.81201824581296,-122.407227174465,1665,0,10,4,172,3,2
12,35.717212286974316,139.5649361422186,1535,0,7,3,10,2,0
22,35.65116068087912,139.74565094509552,1128,0,22,0,10,0,0
44,48.884226657617376,2.3669775225489573,1292,0,1,5,172,3,1
25,40.74819621834848,-73.8955774737067,1347,0,20,4,10,2,2
49,48.95650247711435,2.27322396213437,871,0,6,4,10,1,1
27,-33.92932505795347,151.12862946722248,85,1,7,1,203,2,0
42,35.63884460555299,139.6530459649326,1231,0,9,2,172,1,2
28,37.787000757203394,-122.49592393715936,521,0,1,4,192,3,2
16,51.41403240868154,-0.16603956934777253,550,0,21,5,192,3,1
15,55.80160856328023,37.67181814558468,138,1,17,1,203,3,1
47,1.4373912429668843,103.81818348745375,260,1,6,6,203,3,3
44,48.898007674519505,2.402694748052483,1318,0,14,4,172,3,1
3,37.75005704836637,-122.40000775592347,772,0,1,5,172,1,1
37,35.70913525628549,139.60484211914573,1586,0,21,5,172,2,0
7,-23.46839519144463,-46.635240614136,78,1,4,0,198,2,3
21,51.51175176140733,-0.1751670689971062,360,0,2,2,192,1,2
9,55.71682869020612,37.5074742699584,60,1,10,3,203,2,0
39,-33.86604220617907,151.33458446048212,37,1,4,4,203,2,1
18,37.72396902759478,-122.27059015359225,439,0,10,1,10,2,2
4,48.92731256313062,2.3285205609511443,1320,0,18,1,10,2,1
25,1.353463235240944,103.81304498460426,23,1,22,2,93,3,0
14,48.941908198669886,2.3780507865058977,666,0,4,2,10,1,1
50,40.771898702431095,-73.98809140773193,1083,0,6,1,10,1,1
9,48.85100137397027,2.3685211682535354,1538,0,9,1,10,2,2
26,51.48705278830639,-0.20041020217354488,1691,0,23,0,10,0,0
2,35.71688442879783,139.57524177758285,969,0,1,0,10,3,0
20,40.699358291160245,-74.02799321438077,612,0,23,5,172,3,2
28,37.80706769655271,-122.34116477075332,920,0,15,0,172,2,0
47,35.73644853236504,139.68392125094473,1573,0,18,2,172,3,1
7,35.644706417718965,139.64112654232017,1576,0,13,6,192,1,2
44,19.41613631464721,-99.15671407233647,59,1,12,4,93,3,0
8,37.75477744456866,-122.44085690175338,456,0,4,0,10,0,1
47,19.408928690364977,-99.08560584909857,276,1,5,6,93,0,3
35,40.660068155556694,-74.04247370511519,1308,0,14,1,172,1,1
14,48.77742966394803,2.4229741401255422,1254,0,10,3,10,0,0
17,35.63637485206712,139.6833387615861,713,0,9,1,192,2,2
36,51.53116594301061,-0.06185806894546145,901,0,21,1,192,2,2
50,40.70229916508125,-74.0533769893643,1655,0,8,6,10,1,1
40,55.67801250120642,37.47806821776089,264,1,12,0,198,0,1
4,48.86466766129394,2.3909736286244456,1304,0,4,5,10,1,0
2,35.69978440525989,139.57381178484135,1333,0,6,1,172,0,2
6,51.55934130725559,-0.16271080141576763,835,0,6,5,172,1,1
42,35.630854825292914,139.61426838823482,1410,0,1,2,192,0,2
4,48.86052044612531,2.277964921424146,1003,0,20,1,172,3,0
29,48.85474820431404,2.3736724122691832,1407,0,2,1,192,1,0
18,37.83026619481218,-122.41060216713893,1419,0,19,6,192,2,0
26,51.440418575090305,-0.12035548861738882,336,0,19,0,172,3,0
44,48.80358708630269,2.2963027421816524,364,0,21,4,172,2,0
34,48.788464819823,2.256637316005299,1181,0,21,1,172,3,2
10,-23.57885815839677,-46.576855562847655,70,1,8,5,93,3,3
36,51.620224200771375,-0.1564792579170047,1085,0,12,1,172,0,0
14,19.486905276338483,-99.15292911591183,240,1,15,5,198,3,1
31,51.42486321402757,-0.09275288692769615,944,0,20,2,10,0,1
48,37.78664070433978,-122.32849901960194,1070,0,17,2,10,2,0
15,40.636066075900864,-73.86619836458324,1206,0,2,6,192,3,2
8,37.85448586615941,-122.42029617867809,1241,0,18,1,172,0,2
14,48.841668110410076,2.316409506556569,373,0,18,6,172,3,1
23,37.780386631959395,-122.42859680777045,367,0,20,3,192,1,1
40,-33.84311022932097,151.1945816669491,100,1,19,6,93,3,3
21,51.57814818457483,-0.12154769844167765,1440,0,13,5,192,3,1
16,-33.881640851396284,151.26051432908898,165,1,15,6,93,0,0
45,-33.94992618150989,151.22634941761387,94,1,23,6,198,1,0
18,37.77617856682048,-122.48994252652028,1306,0,9,2,172,3,1
47,35.59077483602157,139.70081725014705,1182,0,8,2,172,3,0
24,55.80393953451753,37.62592792148172,78,1,4,5,203,3,1
26,51.59323288882273,-0.10575159090693656,939,0,13,0,172,1,2
25,40.77529026597056,-73.98498377064078,1765,0,14,0,172,3,0
45,40.6990095217199,-74.05887656257167,1096,0,10,4,10,0,1
41,51.47722818725486,-0.1406561135623609,1298,0,2,4,10,1,0
29,48.92475765510534,2.390695977926483,524,0,3,5,172,3,0
15,40.72931595341213,-73.9624995046218,1465,0,22,4,172,3,2
45,19.458969185784625,-99.12010311944466,261,1,10,0,93,3,3
1,51.43246702992465,-0.07084212135691616,1651,0,3,6,192,2,2
25,40.68987440762368,-73.95157298611888,1434,0,13,1,172,1,1
7,35.73546051457554,139.6167980403222,1703,0,19,1,10,0,2
9,48.9040858040298,2.334150626037205,1404,0,23,0,192,0,2
24,48.838848383617666,2.3650736617291326,1471,0,15,3,10,2,0
1,51.521623629458475,-0.1258724242324554,1262,0,18,6,172,3,2
44,48.7898855992222,2.3461276680257828,1274,0,2,4,10,2,2
8,37.88882393640942,-122.5586002114401,1451,0,8,4,10,1,0
24,48.90008702201142,2.405056246667815,620,0,17,0,10,2,0
11,51.43948261403569,-0.1512719456704773,1337,0,1,6,10,0,0
17,35.62616414210284,139.7429982688656,414,0,17,0,192,1,2
8,55.81095126333889,37.67487126872324,210,1,9,2,203,1,0
35,40.71883236129974,-73.94039540251252,839,0,22,3,172,3,1
35,40.7123881716469,-73.93804211863947,1313,0,15,0,172,2,2
33,37.76746517879439,-122.45336209583567,1510,0,0,2,172,0,0
5,40.8033475133166,-74.00704243803325,1073,0,7,1,10,1,1
42,35.63126000458788,139.6048183051255,1563,0,22,0,192,2,2
39,-23.595828933650953,-46.59107788244853,190,1,16,4,203,3,0
41,51.50245685614774,-0.012902051200145856,882,0,14,1,172,1,0
28,37.83420890911621,-122.4065430934953,956,0,12,3,172,0,2
7,19.502794877059916,-99.15797536682348,41,1,4,6,198,3,3
9,48.763860709792034,2.302720847121263,357,0,22,4,192,1,0
8,55.76316039146848,37.606172926391444,33,1,10,3,203,3,0
12,35.717420769412875,139.64406931093282,562,0,3,5,10,1,0
34,-33.831398263701914,151.28434858152823,197,1,14,1,93,3,3
33,37.76851520746946,-122.39164273556445,1014,0,20,5,10,2,0
48,-33.95653934202876,151.20310530106298,23,1,13,6,198,0,1
23,37.7133020937127,-122.41213866114353,1580,0,10,5,172,0,0
24,48.86839998783387,2.3638338178956895,998,0,5,2,192,2,1
37,35.65219387051019,139.76522344308674,1079,0,15,1,10,1,2
35,40.649398924417845,-74.07245729135808,499,0,22,1,192,0,0
44,48.93934891878683,2.3169860434705054,1176,0,9,1,172,1,2
40,40.66556546562318,-73.89085440511384,1006,0,21,0,192,3,0
22,35.72548613584118,139.62057677259307,1031,0,7,5,10,1,0
27,35.68707539528468,139.74759356424138,1143,0,5,3,192,2,0
35,40.74738103404754,-73.94169257724468,1019,0,17,3,192,2,1
1,51.54764015893669,-0.08128733270232294,415,0,8,4,192,3,2
35,-33.86681291520448,151.20986742394882,135,1,15,4,93,0,3
37,-33.85544748073258,151.24602264037253,136,1,19,2,93,3,0
47,35.66203423420837,139.65640269672514,780,0,20,5,10,1,0
14,1.3365827192022008,103.82558424109973,169,1,3,3,198,3,0
3,37.71235018345091,-122.28910112665201,1513,0,18,2,192,3,1
1,51.47075299406105,-0.14587303623797154,473,0,18,0,172,3,1
5,40.67183678032226,-73.97521456254178,1709,0,17,6,172,2,2
26,1.3422998684378835,103.77160962449514,43,1,6,4,203,3,3
14,48.889444168311215,2.3917824573961393,924,0,13,0,10,1,1
39,48.85325618377614,2.319018702430896,534,0,11,3,172,1,1
27,-23.440946699722012,-46.61629661847374,182,1,23,4,203,3,0
9,48.79289655075233,2.4229020230501384,647,0,21,6,192,3,2
15,40.67001126252937,-73.8689060829865,340,0,9,4,172,2,2
15,40.71678289287638,-73.95533419819724,1402,0,18,0,192,1,2
26,19.328599121957655,-99.1974070442045,176,1,20,4,198,3,0
42,-23.483807019011962,-46.617409246718545,29,1,3,2,203,3,1
13,37.877019821135704,-122.39514124473851,1243,0,15,5,10,2,0
32,35.68346481198705,139.7359786995411,1647,0,14,3,172,3,0
39,19.483106849961274,-99.14301305996382,226,1,13,3,203,2,3
49,48.80189479497508,2.233619216761725,1463,0,3,2,192,3,0
32,35.65431671650987,139.59098324523893,1354,0,17,2,10,1,1
4,48.98648523216172,2.3196814527964986,1162,0,4,5,172,0,0
30,40.67891454971875,-74.08206224372944,846,0,14,6,172,2,0
37,35.66288413357387,139.61707325351787,341,0,6,2,10,1,1
23,37.86178647143723,-122.41097619202925,1725,0,19,4,172,2,0
39,48.85615679886718,2.34546636229587,1261,0,13,4,192,0,1
45,40.75210874600946,-74.02861640828172,1504,0,21,4,10,3,0
15,40.74616030467659,-73.92530150896363,345,0,4,3,192,1,2
43,37.79790375051498,-122.43188656414125,948,0,11,0,10,3,1
29,48.808927041451405,2.3384438006826462,1073,0,21,2,192,1,2
36,51.53555394369862,-0.20442636709586606,1468,0,22,2,172,2,0
13,37.816477137885464,-122.40901936558859,1099,0,14,2,192,2,1
32,35.66874054201207,139.61732932942743,960,0,17,1,172,3,0
7,35.65238111495153,139.68016530207325,1472,0,0,5,172,2,2
22,-23.556910576304755,-46.65835699836393,60,1,11,6,203,2,0
28,37.798328174668576,-122.3939905111254,1300,0,2,6,10,0,0
2,35.6137412469338,139.67887403482882,504,0,2,2,172,0,0
42,19.557684910643022,-99.10971896053123,115,1,21,6,203,1,3
45,40.62784963975782,-73.99713123040803,988,0,17,2,172,1,2
6,51.41585923129031,0.030568583603207994,1317,0,6,0,172,0,1
28,37.886683734349226,-122.45269692413977,1329,0,15,4,192,1,0
28,37.66261664005031,-122.46331855935463,1666,0,23,0,192,0,0
44,48.84755046305301,2.264106812898013,995,0,7,6,192,3,1
44,48.85314887425019,2.3428210667864873,641,0,6,0,192,1,0
20,40.719057734853145,-73.9945177411531,1559,0,3,0,172,0,0
30,40.66451912000614,-74.04867070198749,913,0,16,2,10,0,0
11,51.5096796082235,-0.15934960649369737,1044,0,4,0,10,3,0
28,37.82027473842086,-122.41760527251161,1192,0,16,3,172,3,0
25,40.80605016169987,-73.96497587808643,713,0,3,4,10,2,2
39,48.91178569346953,2.3588283033982393,1317,0,8,0,192,0,2
33,37.78276807506452,-122.33283397100453,1601,0,23,6,172,2,2
1,51.488485355823144,-0.10046103229173801,454,0,20,1,172,1,1
27,35.66288812339193,139.63686819708062,1397,0,22,0,10,0,1
13,37.71645518671291,-122.45652571754285,738,0,23,2,172,0,2
41,51.46098652742918,-0.09808155955384153,888,0,6,5,172,1,1
3,19.484610296411184,-99.13793766867892,145,1,6,2,198,3,3
39,48.86808139650818,2.344576432244745,397,0,21,6,172,3,0
6,51.46686120400535,-0.08468684876015606,908,0,16,1,192,0,0
8,37.807526734687976,-122.5140272992652,1474,0,8,4,192,2,0
27,35.66204454993824,139.60619863293962,1123,0,5,3,172,3,2
9,48.83705307151674,2.318678421647687,762,0,21,6,192,2,1
37,35.673878981462934,139.63380426324332,1579,0,16,5,192,0,2
33,37.75734296530896,-122.36403057858305,488,0,13,1,192,2,1
42,35.704058933033465,139.61510526748498,1769,0,7,6,192,0,1
44,48.82882266335933,2.3767896527699803,1484,0,11,5,192,0,0
24,48.88112097858514,2.3220109880468964,494,0,2,5,10,2,0
15,40.70110046665489,-73.91365969799566,1512,0,11,5,172,0,2
32,35.64687259557393,139.74584022942292,989,0,2,0,192,1,2
32,35.73138334712629,139.73657081375276,859,0,1,2,172,0,0
24,48.82514640139653,2.343772206296862,437,0,1,2,10,0,2
41,51.48494180956122,-0.07146234040368984,1460,0,7,4,192,1,0
49,48.8282158113664,2.3887607746671433,1387,0,7,3,10,3,2
49,55.7897149705596,37.61489852346429,253,1,9,5,203,2,1
12,35.741132986708216,139.65568399348632,1174,0,23,4,10,1,2
39,48.898304285930415,2.327464831554111,729,0,19,6,192,1,0
2,35.64002815929466,139.68685727646286,1011,0,13,3,192,3,2
3,37.79644201221669,-122.40723461679357,457,0,1,5,192,0,1
49,48.83941558260311,2.4296604738263152,1634,0,12,5,192,2,1
37,35.62037070978731,139.59173284951345,918,0,1,0,172,3,1
49,48.903708325258194,2.3952048192071533,1333,0,16,4,10,3,0
17,35.693888138949596,139.63590238890484,914,0,7,1,192,0,2
49,48.88172110645952,2.4382415148559766,1186,0,14,2,172,1,0
2,35.80197731039371,139.56747931472623,1658,0,5,5,172,1,0
2,35.65525399403757,139.62621133685076,1405,0,14,0,192,3,0
28,37.85622597358498,-122.54346474932825,941,0,7,0,10,2,2
23,37.80059175965328,-122.43224051542094,709,0,11,6,192,1,0
37,35.758105637477385,139.7253519420002,1148,0,0,6,10,3,2
32,35.694475336741334,139.5713138464644,1123,0,19,3,10,2,1
33,37.74620552588325,-122.44261955383068,814,0,8,5,192,2,2
1,51.441077260277325,-0.0700707859070315,1579,0,1,0,192,2,2
19,48.78392867513628,2.4504663754226854,1355,0,11,3,192,2,0
2,-23.452358868297726,-46.65255301309298,242,1,15,5,198,2,1
44,19.44902476850649,-99.13681417390352,290,1,11,6,93,2,3
26,-23.505408759981915,-46.56956613307176,102,1,1,0,198,3,3
32,35.689099849606,139.67375583548903,338,0,11,1,192,1,0
6,51.47636978680302,-0.10596430165548307,1585,0,1,4,192,3,1
32,1.360238103946199,103.77421027556244,274,1,14,1,203,2,0
4,48.855898144532844,2.3330408741006963,682,0,11,0,172,2,0
11,51.476925220909095,-0.1851245603799784,1481,0,8,1,10,3,0
17,55.75892513666248,37.578276299683736,265,1,15,6,198,3,0
38,37.751344591384864,-122.36564378623913,736,0,6,6,172,0,2
24,48.88820580506342,2.3032616676069373,1653,0,18,4,172,0,1
5,40.73039455339532,-73.9993609650868,1257,0,16,4,10,2,1
34,48.94168481042667,2.421357250043614,848,0,12,5,10,0,0
6,51.43071256371451,-0.08474361655206994,1606,0,5,3,192,1,0
22,35.739459862581185,139.67826796043641,1391,0,11,4,10,2,2
11,55.73902939281529,37.73796969575586,232,1,10,3,198,3,0
48,37.807470464046354,-122.32057278631359,1459,0,7,3,10,1,0
16,51.57497392147367,-0.10459326698883481,1788,0,13,4,10,2,2
33,37.74591495442632,-122.42060524390762,1583,0,7,5,10,0,1
9,48.84550437736032,2.2914740522175365,422,0,23,1,192,2,1
6,55.78831407874799,37.695667650097974,277,1,20,5,203,1,0
16,51.49248482527243,-0.019617175038763132,710,0,2,5,172,0,1
29,48.77872086070691,2.40491817741936,1046,0,18,2,192,0,1
3,37.85847601177027,-122.42960152904905,1247,0,7,4,10,3,1
20,40.70349717474286,-73.95386174120777,602,0,3,6,172,2,2
36,19.457899555497978,-99.23307056717297,133,1,16,3,93,3,1
19,55.71363134227303,37.61662252259763,87,1,9,4,198,2,0
26,51.438915091015744,-0.15150871582149517,1703,0,10,0,172,1,0
3,37.70766572873781,-122.43790853152767,914,0,12,3,10,1,2
19,48.83976886363394,2.3697877338296855,1191,0,21,0,192,2,0
20,19.428012033800027,-99.10806051394796,220,1,16,5,93,0,3
32,35.6953772003737,139.7018669997132,952,0,5,1,172,3,0
7,35.719889152048005,139.68870619175672,431,0,9,1,192,1,0
41,51.662643371423336,-0.11042986816788355,1598,0,15,6,10,0,0
33,37.90457857519294,-122.3987890798878,716,0,2,0,10,2,1
40,40.70865745425971,-74.02465825911067,1144,0,8,1,192,3,2
39,48.932086289922424,2.434225169644397,846,0,6,5,10,1,0
18,37.804889192798235,-122.36272266127486,887,0,7,5,10,3,0
40,40.648938976703846,-74.0834389911256,1623,0,16,6,172,0,0
1,51.56971634428987,-0.13414057489515108,628,0,18,6,172,2,2
11,51.54486512086987,-0.1636643974978039,825,0,10,3,172,0,1
28,37.85774942348524,-122.49642093359445,1706,0,3,2,172,3,2
25,19.363320745675868,-99.06098442081438,130,1,18,6,203,3,3
50,40.582307910350856,-73.98707155659525,1131,0,15,4,172,2,1
23,37.76953370022017,-122.45619759595999,788,0,13,0,10,2,1
31,51.497403007570476,-0.1701761746544905,532,0,13,3,172,3,0
30,1.4292127973024251,103.91002485441808,86,1,6,2,93,3,3
42,35.64191312066058,139.6640762438734,693,0,0,2,192,1,2
35,-33.9350538235468,151.26295260795018,24,1,3,0,93,0,1
7,35.728550458732165,139.6355368883646,802,0,12,6,192,3,0
16,51.50824425292099,-0.13248827247613354,935,0,8,6,10,0,0
26,51.426477108315986,-0.05049979261999364,1250,0,19,2,172,2,1
48,37.73655233805588,-122.4574074636129,1294,0,2,4,10,0,0
49,48.849079007276906,2.401977429268114,1446,0,14,3,172,2,0
2,19.4030348392454,-99.23080926107018,233,1,19,1,93,3,0
1,-23.594849903036476,-46.61209297904605,226,1,5,5,203,2,3
48,19.54208751439046,-99.19619599831866,28,1,12,0,203,3,1
12,35.61137491162596,139.57467022495806,713,0,7,4,10,3,0
5,40.630963750435036,-73.94571542699593,626,0,3,3,10,3,1
37,35.75093442876822,139.659187794679,858,0,21,4,192,0,0
32,35.652814361392956,139.73985718934313,579,0,15,6,10,1,0
9,48.86529540208283,2.4066718354680217,359,0,23,0,192,3,1
41,51.481577552913905,-0.1255878072888113,829,0,21,0,10,2,2
35,40.65093291772765,-73.97453755140532,868,0,15,1,172,3,1
19,48.86614688753867,2.3074718383793105,1648,0,19,5,172,1,0
48,37.73084464252368,-122.33860207483306,1427,0,21,0,10,1,1
16,51.605983437523086,-0.13845676683336605,660,0,0,3,192,2,0
3,37.77828767863811,-122.39939427626759,1619,0,16,4,10,0,0
20,40.72020158790799,-74.08971488602693,386,0,13,6,172,3,2
24,19.45399353385952,-99.23759445173003,258,1,9,3,203,3,1
33,37.73826579043712,-122.39412864266876,340,0,17,3,10,3,0
24,48.88659971039624,2.3116963457895254,413,0,3,6,10,2,1
11,-33.89172184700934,151.17960817455008,52,1,2,3,198,2,1
49,55.750657791843196,37.61596028266822,170,1,7,6,93,2,0
8,37.80832340647646,-122.44524484314448,1532,0,6,0,192,1,1
36,51.526069809595676,-0.10244921177564043,910,0,6,2,10,1,2
38,37.784814468868596,-122.43238029112247,430,0,9,0,172,3,0
40,40.72183227321377,-73.96841298633032,1133,0,8,6,192,1,2
20,40.75475924338582,-73.91523136575866,1044,0,12,0,192,3,1
35,40.66329868818469,-74.02800036954977,1675,0,0,2,172,3,1
48,37.69422656698658,-122.3728495267836,1646,0,1,6,172,1,0
25,40.69607462468216,-73.99569045089854,484,0,22,2,10,1,1
35,40.68258307152767,-74.0223351997489,1112,0,8,1,172,1,0
25,40.773959505271336,-73.9712883294757,1783,0,17,0,192,0,0
29,48.85102389711705,2.39059069597382,587,0,8,6,172,2,2
18,37.814395004001895,-122.43897127583433,783,0,15,6,10,3,2
46,51.43394602196819,-0.17275808135010196,529,0,21,4,192,2,0
18,37.70787356983087,-122.36117826770035,1469,0,20,1,192,0,1
2,55.82270576082239,37.69661869400795,266,1,18,4,198,3,0
35,40.61182222255114,-73.95242995448132,547,0,6,0,172,3,0
16,51.61800956546923,-0.07220061430946775,1368,0,19,0,172,2,1
41,51.39983851910646,-0.039385084580161406,1660,0,14,0,10,2,1
36,51.50948445185659,-0.13941995532502358,1488,0,1,5,172,1,1
33,37.797454764829155,-122.47185034612852,1375,0,9,4,172,2,0
4,48.85673911854608,2.4332214822552034,815,0,7,1,192,2,1
33,37.806019843526165,-122.41647992639486,1316,0,18,0,172,0,0
14,48.86108040799638,2.2931303008350596,484,0,1,6,192,2,1
21,51.499900605430014,-0.20951476678148837,787,0,13,4,10,1,2
48,37.826022047619695,-122.52868552412376,1528,0,18,4,172,2,0
20,40.75554501898104,-73.9570294549583,550,0,12,6,10,3,2
8,19.49853823078636,-99.12885704184191,170,1,13,4,93,3,3
7,35.722031423307875,139.6423126679817,974,0,17,6,172,0,0
3,37.71556514411561,-122.3428633803731,1496,0,1,3,192,1,2
17,35.67135570851925,139.57982443412632,1098,0,20,1,192,1,2
33,37.751559252710514,-122.4407662341284,783,0,18,0,192,2,0
48,37.797984845906214,-122.30204762583136,1166,0,4,2,172,1,0
12,-33.84267906933587,151.21964219259985,121,1,22,0,93,0,1
22,35.79898880997813,139.69924467699562,595,0,12,1,192,0,2
22,35.68891246020675,139.62632940705907,518,0,22,1,172,0,1
46,51.52321000381023,-0.13111952020465684,658,0,3,1,192,1,0
30,40.71737170637795,-73.94027987876153,738,0,3,6,10,1,2
38,37.74788389084313,-122.39372296459182,862,0,0,1,10,2,1
38,37.822346999491884,-122.45250562584121,1200,0,5,4,192,0,1
45,40.67166892922555,-74.01351709612905,1136,0,3,1,10,2,1
8,37.75181852048718,-122.36178336956291,820,0,10,5,10,0,0
27,-23.600588413928232,-46.629876431573564,38,1,23,4,93,3,3
27,35.80350241667023,139.6709528266893,1304,0,6,4,172,0,1
34,48.88556450721524,2.410234124784856,1392,0,12,6,192,2,2
21,51.484252546728726,-0.1818709814372702,1067,0,2,3,10,1,0
30,40.72162556380814,-73.99272980858257,1732,0,15,6,172,1,0
33,1.271189460264342,103.83855359573414,67,1,13,6,93,2,1
28,37.828392524935055,-122.4650474036512,948,0,13,6,10,2,1
47,35.69797779241874,139.69491318301849,1417,0,6,2,172,3,2
33,1.381433910426504,103.85385031193708,226,1,18,5,203,3,0
5,40.700559987909685,-74.06237521688703,1272,0,7,5,10,0,2
48,37.75254267688081,-122.44870285509353,1698,0,8,5,172,3,0
19,48.852587047689624,2.4068635452729965,804,0,20,2,172,0,2
4,48.79100799359179,2.3594125011408695,868,0,6,4,192,2,0
35,40.65962991772411,-74.04300234589114,596,0,0,1,172,1,1
49,48.884537037630594,2.292702747331715,1043,0,18,0,172,0,0
17,35.71291221448515,139.58269177766874,1273,0,8,6,192,2,0
44,48.88994902017191,2.2747234365210742,1765,0,18,6,10,1,1
28,37.74400936603717,-122.32457528084352,1053,0,21,6,172,2,2
30,40.798227318488344,-74.02662623262586,931,0,15,0,10,0,2
29,48.876098029301495,2.412403400944244,343,0,22,1,10,3,0
46,51.541464808721024,-0.1414732123227412,1621,0,16,2,172,0,1
6,51.46996823429818,-0.08439484285210351,1540,0,15,3,172,0,2
35,55.812335165430724,37.70308509171972,27,1,12,0,203,3,1
41,51.423037528827344,-0.19045623941005263,1656,0,10,5,10,2,1
37,35.73429618010736,139.5727234726625,411,0,23,0,10,0,2
24,48.9185274977456,2.3414533747007304,1714,0,18,6,10,0,0
29,48.83055430903317,2.3624714298135734,1675,0,15,5,192,2,1
49,48.789331577388225,2.393400741529917,790,0,4,3,10,3,1
46,51.59188184988473,-0.08427118920928792,818,0,20,6,172,1,0
31,51.49507456537229,-0.20470178538827205,1431,0,18,2,172,3,0
35,40.63782062718985,-74.07248216511196,1087,0,23,5,10,0,2
33,37.774286086144386,-122.41372999683637,933,0,14,2,172,2,0
21,1.39552217553705,103.72999855067584,195,1,14,1,198,2,3
32,35.74176051151962,139.68502031594727,1703,0,22,2,172,0,2
23,37.75855818534689,-122.4788880770866,549,0,23,5,172,1,1
33,37.83735703208456,-122.43440469806187,1395,0,16,2,192,1,0
3,37.77389905503278,-122.4002194014606,784,0,15,4,192,3,0
18,19.38694005471092,-99.14730902895127,236,1,7,1,93,2,1
25,40.75606584510102,-73.96779519607519,1095,0,16,1,172,0,1
42,35.71485536033477,139.59254101244298,316,0,23,4,172,0,0
31,51.49557098246354,-0.14761969175239026,1104,0,7,1,172,1,2
3,37.796158942113735,-122.40261710051755,823,0,0,1,192,2,0
40,40.72057136653715,-73.882713302229,916,0,9,2,172,2,0
46,51.49285969599279,-0.14819115430342722,484,0,20,5,172,3,1
24,48.798762516483194,2.2753076337035565,782,0,14,3,172,3,2
50,40.651784131139216,-74.04193409627216,909,0,12,3,10,1,1
32,35.741703654721896,139.65225819521808,730,0,7,4,10,0,0
47,35.685866533347635,139.6454863345899,628,0,15,1,172,2,2
22,35.69446504965109,139.72040360736088,1198,0,16,1,172,2,1
23,37.6752034581866,-122.35848313422073,1593,0,23,5,10,2,2
2,35.550448077373254,139.65171013557608,949,0,11,3,172,2,2
27,35.78579536773722,139.68433289697657,1619,0,0,0,172,1,2
42,35.694852946766034,139.75039729834015,1132,0,0,1,10,2,0
2,1.3169468550999428,103.84149837112325,27,1,15,0,203,2,1
26,-33.83989414512631,151.18317989328867,150,1,22,1,203,0,1
17,35.654494491025204,139.62311102833883,464,0,3,6,10,2,0
40,40.71716574870043,-73.97866541971143,1306,0,5,5,192,1,2
33,37.78106151364574,-122.3839269091285,1264,0,1,1,192,1,1
9,48.758142635701326,2.341287441812858,1145,0,9,5,10,2,0
43,37.72372903448247,-122.40431387436585,981,0,1,1,192,3,1
48,37.78924587143362,-122.42518110574787,1769,0,18,0,10,1,2
39,48.8821139505266,2.402090635913201,1165,0,14,3,10,0,1
29,-33.871826026115315,151.15671525559503,61,1,20,6,203,1,3
42,35.597137121454026,139.65210550876648,628,0,12,1,10,3,2
26,51.51949333507567,-0.17627619447599896,1730,0,2,2,172,1,0
35,19.468888341158152,-99.15614784429123,143,1,23,5,198,3,3
50,-33.951621643258555,151.27212181711727,269,1,8,5,198,2,0
25,40.76999939596011,-74.10677997183315,435,0,9,2,172,3,1
24,48.828469985917316,2.322120815929286,1020,0,7,1,172,1,2
13,1.4340744329708752,103.81483536449792,225,1,1,1,93,3,1
7,35.60140609009723,139.69440523911203,1533,0,17,2,192,1,2
36,1.290561222711696,103.80678297546392,290,1,17,5,93,2,0
45,40.674311556105955,-74.03402275491399,969,0,22,0,10,1,1
20,40.7596629044782,-73.9299334919334,1228,0,14,0,172,3,1
1,51.44368156268103,-0.09649617872460914,1723,0,13,3,172,1,1
8,37.7382623185155,-122.4544835955012,356,0,15,4,172,1,2
46,51.53193181107113,-0.17919513828568476,406,0,5,1,192,2,2
16,51.53093013003875,-0.09129433217451324,1613,0,1,0,10,0,2
14,48.83497338691505,2.418553905100683,1613,0,19,4,10,0,2
12,35.61255876939693,139.71757030953057,676,0,1,0,172,1,0
23,37.67770062852575,-122.28441429297902,1590,0,20,2,172,2,2
15,40.69248988806891,-74.06411535781938,1208,0,8,5,192,1,0
28,37.763266404574004,-122.47172389713121,1612,0,10,4,10,0,2
34,48.87594826494273,2.420582866573507,578,0,17,3,172,2,1
2,35.62652718869717,139.67926996195868,306,0,7,0,10,3,2
32,-33.945436768444786,151.26094773666145,215,1,4,4,203,2,0
23,37.79571181834638,-122.36559083393348,709,0,16,1,172,3,2
22,35.67008265486795,139.62854217010724,1586,0,15,6,172,2,2
25,40.75360587180287,-74.07140242607792,925,0,20,0,10,1,1
22,35.58905878341332,139.650051900798,942,0,14,2,172,1,0
22,35.65672016965706,139.67799166658907,1479,0,14,4,172,0,0
49,48.9111775712157,2.3788507039575566,468,0,17,6,192,1,1
42,35.72679516559134,139.6663526166666,526,0,4,1,172,1,1
6,51.53212978741605,-0.13363286049161355,623,0,4,1,192,0,1
15,40.73605227305076,-73.99766735857183,811,0,21,3,10,2,2
43,37.79115883982646,-122.42773620165434,1357,0,18,2,172,1,0
37,35.71664646002357,139.61477737250823,1761,0,4,4,192,1,1
33,19.431682548954797,-99.06761080498963,76,1,17,4,203,3,1
8,37.72746390885395,-122.52749227308763,1516,0,3,0,172,2,0
44,48.874922858314896,2.339352275482325,1704,0,18,3,10,0,2
44,48.907143112018595,2.3456742460051503,1140,0,20,6,10,3,2
5,40.68258304642183,-74.0097908697909,954,0,2,0,172,1,2
39,48.911253429330664,2.3809684813596186,1224,0,17,5,192,3,0
4,48.7349048871726,2.3614883746043382,1279,0,4,4,172,2,2
6,-33.85701189337993,151.20838750174,78,1,22,2,198,3,3
45,40.68225550542157,-73.94627340627468,833,0,14,4,10,3,0
32,35.73840169740674,139.5401419769587,655,0,8,0,172,3,0
30,40.67290202611293,-74.01323653256429,1707,0,8,5,192,1,1
47,19.480025410185835,-99.13145735618042,177,1,17,6,203,3,0
35,-23.584679690008247,-46.597823321134626,154,1,17,2,198,3,3
40,40.70223319572245,-74.01187004295775,706,0,1,1,192,2,0
16,-33.870157921670206,151.23801542204194,53,1,23,0,93,1,3
13,37.759472519916315,-122.38505267536763,1148,0,19,0,172,1,1
50,40.70914655157965,-74.05935082932089,1052,0,7,6,10,1,2
42,35.67436118471523,139.5995393298427,672,0,1,1,172,0,2
30,40.7148493394888,-73.96452630353842,1105,0,19,0,10,1,2
19,48.802918549699896,2.3704136702902217,1072,0,9,1,172,3,0
17,35.63474812708234,139.6603850279958,1468,0,13,3,172,3,2
19,48.899610212101024,2.2457243462944976,759,0,17,4,192,2,0
28,37.719176208656435,-122.4378489722555,342,0,1,6,192,3,1
26,51.52315202445908,-0.1361191664679162,347,0,14,5,172,1,1
37,35.67390596090095,139.75244922626754,1443,0,18,4,10,3,1
26,-23.611122863942462,-46.57652574918186,127,1,16,4,93,3,3
23,37.75740109364228,-122.39192626037506,482,0,19,5,192,3,2
9,48.96304732778728,2.386633901184271,1247,0,1,0,192,2,1
12,-23.5318752145105,-46.553343883242526,111,1,14,1,203,2,1
1,-33.81256006777034,151.16933029619193,144,1,9,4,198,2,0
1,51.52212623712269,-0.213674786707038,1736,0,3,2,10,0,0
47,35.649192330581286,139.66600264838,645,0,20,1,192,0,1
34,-33.898905267639066,151.2229683372986,35,1,4,3,93,3,1
32,35.675530769217346,139.67712083661974,1121,0,5,3,10,1,1
48,19.411390048898596,-99.18020744572183,229,1,22,2,93,3,1
25,40.786706341308665,-74.0307848371345,1529,0,6,2,192,0,2
40,19.465600529655855,-99.06143764867637,143,1,0,0,198,2,3
45,40.72093349994988,-74.04881532847216,605,0,20,0,192,0,0
1,51.49846950127263,-0.07692295416966234,482,0,16,0,172,1,1
16,51.51771237728689,-0.18805708961021383,1053,0,19,0,172,2,2
39,48.88643219167668,2.39067657345255,648,0,18,3,192,3,2
5,40.6950344056941,-73.97548778121977,1461,0,22,6,10,3,2
22,-23.538249070226975,-46.6431714769321,70,1,7,6,203,2,3
29,48.791923212820315,2.406097694755288,328,0,18,5,10,3,1
3,37.812860549995996,-122.39020568528123,1771,0,14,3,172,1,1
12,35.753426300183904,139.69755968635067,1376,0,11,2,192,3,2
26,51.541728300307575,-0.23846136740134155,1191,0,15,0,172,2,1
16,51.56724474759012,-0.12364597428589746,1229,0,18,2,10,0,2
37,35.691824584012856,139.66626665948465,1679,0,16,5,172,1,2
22,35.71489163718211,139.70640875144008,1312,0,15,3,10,3,0
29,48.88831205715296,2.3759642794659945,542,0,11,1,10,3,0
14,48.86817563696478,2.1846194741547658,759,0,3,4,172,0,1
28,37.760520449027496,-122.46647947586753,1761,0,14,1,10,0,0
5,40.77333697694696,-73.97504814008569,716,0,19,2,192,1,0
47,35.653293150639314,139.63241414088654,690,0,12,3,192,1,1
49,48.836900931834876,2.3316086922840538,845,0,20,5,172,3,0
30,40.64057212782376,-74.08906397466389,889,0,19,6,192,3,1
46,51.508852338619086,-0.07403429303203227,1312,0,10,0,192,2,0
5,40.685915515128606,-73.9908277624538,1082,0,13,4,172,3,0
12,35.71291304585884,139.6006310897208,566,0,2,0,192,0,0
16,51.506401228564,-0.16112602406367577,1183,0,13,6,172,1,1
26,51.587705974591564,-0.049677024656894275,723,0,13,3,192,3,0
26,51.457782858006254,-0.1085057808457837,1528,0,8,0,172,1,2
48,55.80917996504063,37.65971647501882,120,1,15,2,93,0,0
21,51.511478151749216,-0.06247212691178261,879,0,7,2,172,2,1
39,48.811374265550526,2.3370453527802653,1788,0,3,3,10,2,0
36,51.46351787901202,-0.08867532526496891,1686,0,19,4,192,1,0
33,-33.89793184371497,151.20073754122816,106,1,21,3,93,0,3
30,40.74368351841329,-73.97108750431111,1156,0,12,5,192,0,2
37,55.71044368268724,37.67013276418864,102,1,22,2,93,3,0
23,37.797684483433365,-122.47348514197901,1136,0,20,1,192,2,1
10,55.68941420521217,37.616509014486894,84,1,8,3,203,2,1
5,40.75530469946584,-73.96221420687995,358,0,19,1,192,3,2
36,51.52520834386124,-0.1253662580836587,894,0,10,5,10,1,2
34,48.88218688345395,2.309433474280537,836,0,10,4,192,3,0
31,51.59174939315127,-0.04410307909387397,782,0,7,4,192,3,1
10,40.73424061573104,-73.99613497900036,1565,0,22,6,10,0,1
19,48.836028951367034,2.3786374422899828,1223,0,11,3,10,1,1
32,35.641634131449166,139.5391193984502,808,0,16,6,172,2,1
1,51.37169463497544,-0.16777491665817434,1057,0,20,4,10,1,2
5,40.720618906145916,-73.98940141330233,1493,0,5,0,192,1,2
45,1.3277621495745358,103.82689175835715,244,1,11,6,93,1,0
4,48.842888582147275,2.3022343621174928,475,0,6,4,172,0,1
16,-33.871487225448455,151.2499478556183,15,1,18,0,93,3,0
24,55.70809691261268,37.56961976934902,250,1,20,0,93,3,0
16,51.45393747030239,-0.2246259367254058,572,0,20,1,172,2,0
2,35.65218988129265,139.6860043056476,962,0,18,2,192,1,0
49,48.86529580419169,2.3437374557971844,1719,0,9,6,192,0,2
28,-23.54404676008799,-46.65774907437146,213,1,8,2,93,1,3
32,35.57880566813683,139.6894859390907,1706,0,2,1,10,0,1
27,35.72975622868923,139.6138921611966,734,0,23,6,172,2,1
20,40.705258218969675,-74.01784995855301,1760,0,18,6,172,0,2
24,48.874164440471226,2.4366946728313144,1085,0,1,6,10,3,1
12,35.73418956226447,139.6314542887293,1750,0,8,5,10,3,2
50,40.739923193075015,-73.94328215657137,1166,0,0,2,10,3,2
35,40.73321725821974,-74.00623497022201,1523,0,5,1,172,0,1
33,-33.84649999526664,151.17413642387183,141,1,12,4,198,3,1
33,-23.578364056205203,-46.68650171176005,47,1,18,2,93,2,3
43,37.790253225828515,-122.42597014530111,495,0,8,1,192,3,2
37,35.635044096932596,139.64209102941896,1440,0,6,3,10,3,2
12,35.69969991303816,139.7460356152999,420,0,21,6,172,3,2
3,37.825503393235195,-122.53360739287412,406,0,7,5,172,3,2
1,51.519365423341014,-0.05633378686435726,981,0,20,6,10,0,1
33,37.70800632543949,-122.39182203648937,780,0,18,5,172,0,1
40,40.70096789072345,-73.9484854734542,1264,0,14,2,10,1,1
10,40.73301285975067,-74.05020077272796,1025,0,13,4,192,2,2
43,37.76485742608547,-122.42648478380238,1541,0,11,5,172,1,0
44,48.8504410892595,2.408163147238763,1673,0,9,3,192,0,1
29,48.81446900393049,2.402352565483059,1525,0,18,5,192,1,0
13,37.75978751620393,-122.40822444468354,1753,0,1,3,172,1,1
12,-33.865181120685946,151.2082097330959,33,1,15,2,93,3,0
31,-23.551180141722266,-46.56043207208645,12,1,21,2,203,3,1
46,51.5495224962453,-0.1459357844789965,819,0,3,3,192,2,1
2,1.4312393627061046,103.83353405369964,268,1,0,2,93,3,1
50,40.730681212966196,-74.04786595396656,1569,0,6,3,172,0,0
35,40.687925067079746,-74.04042517539636,1080,0,9,1,192,0,0
23,37.77920364324969,-122.38746084602758,919,0,14,0,172,3,1
17,35.694561614971114,139.72970220780346,1108,0,8,3,172,1,1
26,-33.91318790026056,151.21504345217696,199,1,13,2,203,3,1
8,37.710753033535084,-122.46549354858016,570,0,22,4,192,1,0
29,48.919828918866926,2.3290417566764265,1445,0,2,3,10,3,2
26,51.467231810196985,-0.23429884377914736,384,0,18,3,192,2,0
10,40.67213226761056,-74.01626401370974,1488,0,0,3,172,0,2
26,51.439529852010686,-0.14093916944912344,667,0,7,4,172,0,2
34,48.92013155303291,2.3168347329835832,833,0,3,3,192,2,1
41,51.4602308475315,-0.18399507334325466,647,0,7,4,172,2,0
7,35.61911179537421,139.6770788723444,1331,0,16,6,172,2,0
4,48.85903343684415,2.4000428439637784,1309,0,4,0,192,3,2
50,40.813791894582714,-74.09751955659546,994,0,9,6,172,0,2
45,40.73180393542209,-74.06193096672168,1258,0,4,2,10,3,2
11,51.546844964901666,-0.1413956000536718,570,0,15,4,192,0,0
29,48.85796613804321,2.2880411286035094,483,0,3,4,172,2,0
36,51.48607864874434,-0.12331688744458702,949,0,0,4,10,3,0
25,40.780603907340335,-74.04572802637043,1754,0,14,0,192,1,0
21,51.47986542142348,-0.08058551789088592,1386,0,22,4,172,0,0
36,51.46443298581503,-0.07068074280129372,1186,0,19,3,192,2,1
10,40.71234567126369,-73.9908438519204,590,0,20,1,172,2,2
37,1.3704761151254685,103.78898897232968,143,1,14,1,203,2,0
9,48.87609434097362,2.3135815107842848,539,0,8,4,10,1,1
24,48.83149484979506,2.3801345483016636,941,0,11,5,10,1,1
35,40.7274696977821,-74.00974824754195,390,0,8,5,172,0,1
49,48.79366341753685,2.3017420855325184,561,0,12,5,172,0,0
35,40.726635452195254,-73.96939297182574,1322,0,18,0,192,0,0
48,37.71941772477396,-122.4613912623726,875,0,4,5,172,3,2
36,51.514109258708885,-0.12216060686854532,1038,0,20,5,10,2,2
18,55.67460213956195,37.625378150672,230,1,1,5,198,3,0
49,48.82668160948849,2.434252331486448,879,0,10,4,192,2,2
39,48.86905992713678,2.373273672493795,839,0,12,6,192,2,1
32,35.69856796510953,139.58960363096736,1555,0,11,5,192,1,1
24,48.95379384465543,2.2710544376274413,840,0,23,6,172,3,0
23,37.81468515708499,-122.38846680312597,1358,0,23,6,10,3,1
32,35.652349881004355,139.68362251583565,941,0,15,4,10,3,1
37,35.660321340058815,139.6165269277572,1192,0,14,6,172,1,2
12,35.699677958467646,139.5999719504456,637,0,19,3,10,1,0
49,48.845387242062124,2.322491162563502,946,0,0,2,10,2,2
13,37.75810102452135,-122.39776357004348,1306,0,6,0,10,1,1
23,37.74518168138269,-122.42901619565362,609,0,11,6,10,0,0
25,40.68764273740492,-73.93380016672127,1438,0,20,2,172,0,0
35,1.3692306199106945,103.83080348164833,235,1,16,6,203,2,1
41,51.54157092523117,-0.15750672883874434,408,0,11,2,172,0,1
30,-23.507537138750006,-46.615991112708365,106,1,13,2,198,1,0
17,35.5981554548623,139.57889845834495,604,0,9,4,192,3,1
49,48.8279851473608,2.286149675206741,411,0,16,5,172,3,1
20,40.70088607696502,-74.05668689957079,770,0,13,3,10,0,0
48,37.770013847346455,-122.34881453120342,675,0,4,3,172,2,0
25,-33.87126884517781,151.19415177725492,28,1,4,4,93,2,3
22,35.69561213238927,139.61547901035385,1263,0,12,2,192,1,2
13,37.817070715469804,-122.39463935234379,832,0,13,4,172,0,2
19,48.85854327810243,2.3599157915816793,634,0,22,2,192,1,1
49,48.958687295528144,2.3993156105133933,1745,0,12,5,172,2,2
36,-33.758823668441934,151.23590150966464,249,1,15,0,198,3,3
12,35.60261542786647,139.6371913148568,1193,0,16,2,172,2,1
41,51.422389756272594,-0.10138484826665409,537,0,14,3,192,2,1
19,48.89387020986727,2.307904200202036,1313,0,19,3,10,2,1
12,55.72301818101766,37.62473754481176,30,1,20,4,93,0,3
9,48.79669479683679,2.2885420115378734,1204,0,16,1,172,2,2
7,35.738131602402056,139.65603553090818,1030,0,9,1,192,2,0
28,37.746994532114705,-122.50400594442786,1752,0,9,6,10,3,2
14,48.89921756784472,2.317974089389151,1448,0,13,2,172,0,2
31,51.60043422229352,-0.08483449511532776,1293,0,14,4,10,1,1
19,48.816192907279635,2.316426415143426,1237,0,23,3,10,1,1
47,35.762292558147216,139.64608702765827,1309,0,11,1,172,2,2
16,51.48173443858383,-0.1264139155761715,530,0,8,1,10,2,0
5,55.72990436749731,37.62935242385541,85,1,4,1,93,3,3
35,40.70900881892409,-73.96222460097442,553,0,18,1,172,3,1
12,35.656771294838045,139.6060591816655,1015,0,12,1,172,0,0
25,55.738350765168825,37.599545805088795,57,1,3,2,203,3,0
21,-33.8726766907597,151.24102701440287,114,1,6,4,93,3,3
36,51.53639544837359,-0.06781706620707159,881,0,16,0,10,2,2
23,19.392025516113325,-99.11376399384744,102,1,10,2,203,3,0
16,51.543765992351034,-0.1615110203155932,644,0,7,5,172,0,1
39,48.84621844735088,2.26470110628906,1341,0,22,2,192,2,0
45,-23.505157115243712,-46.64407491011599,149,1,2,2,93,2,1
42,35.71652820883405,139.66060247589397,1453,0,14,3,10,2,2
39,48.84734173855126,2.2725598600323758,1658,0,0,3,192,0,0
14,48.78585236946418,2.222542690782913,1499,0,0,3,10,1,1
31,51.47926932585857,-0.013887564840937588,734,0,7,0,192,2,1
5,55.6914026305241,37.48572840582901,12,1,20,6,198,2,0
35,40.760933445979276,-73.88781410653516,1377,0,16,5,192,0,1
23,37.78979605326299,-122.404963380264,1468,0,3,4,192,1,0
29,48.84110589631781,2.262487138474497,669,0,21,0,10,2,2
43,37.70236440411283,-122.43523766646992,1152,0,17,2,10,0,2
11,-23.575922767001487,-46.6390586463885,49,1,7,2,198,3,0
18,37.81636624119641,-122.44849189159585,804,0,1,1,192,1,2
47,35.71868583782023,139.62153551450484,1320,0,15,5,172,3,2
12,35.72811197964329,139.65461837835366,1686,0,8,0,192,1,0
9,48.834808482953925,2.3556647030274442,493,0,1,6,172,0,1
10,40.698123057892126,-74.000343288116,973,0,14,2,10,2,0
44,48.894505309925876,2.3478392200792175,353,0,14,3,172,2,0
17,35.65772155735731,139.59412418975444,882,0,17,0,172,0,0
38,37.803858900964585,-122.40198638867986,1695,0,8,4,172,2,2
7,35.617102857453624,139.69207471389603,1693,0,10,6,10,3,1
46,51.44749079836988,-0.07633891043830532,549,0,2,4,10,0,2
13,55.79019316635935,37.638283276129904,211,1,1,3,93,3,3
40,40.69395024204165,-73.97721101086668,1065,0,14,3,192,2,0
42,35.73001859976206,139.6799175960554,1509,0,2,6,10,3,2
9,48.82308749891369,2.365570349117773,517,0,19,4,192,2,1
50,40.76940174931475,-73.89604509097217,962,0,5,3,10,1,0
27,-33.87906064872496,151.2521941553066,88,1,14,4,198,3,1
2,35.73292402600422,139.6096797500505,359,0,21,6,10,0,1
5,40.801903915903075,-74.05925923420418,466,0,22,5,172,2,2
29,-33.82835072424835,151.22456598897736,245,1,3,2,93,1,3
37,-33.86602122200009,151.33664166407246,255,1,19,2,203,3,3
38,37.759837238233665,-122.43526727963642,1229,0,22,3,192,0,0
19,48.92317394036989,2.390290188904339,1586,0,11,0,192,3,2
8,37.83900494604793,-122.41355653088294,851,0,2,1,172,1,1
48,37.79074713085061,-122.32435321935027,1516,0,11,3,192,1,1
45,40.671002296020966,-74.01114385220458,1647,0,17,3,192,2,0
1,19.472512703571272,-99.14299304100439,12,1,10,2,198,2,3
22,35.64769270603585,139.6812242256393,974,0,12,5,172,2,1
17,35.74299028332457,139.6432582818597,389,0,12,5,192,1,1
7,-23.558929481040536,-46.66568440128417,241,1,14,5,203,0,1
25,40.698001157829715,-73.95181969600849,965,0,21,0,10,1,1
45,1.356153143534683,103.77955046695348,76,1,7,1,203,3,0
4,48.869718119016184,2.404759700549302,732,0,17,2,172,3,1
36,19.40450571682263,-99.19963026097977,34,1,10,3,198,2,1
6,-33.75925874200636,151.14037353249785,154,1,9,0,93,3,1
31,51.489448871807205,-0.11619357440706651,961,0,3,6,172,0,1
19,48.842978614937785,2.348454457767249,413,0,23,3,10,0,1
44,48.88544190839373,2.23261391711436,444,0,19,0,192,2,2
39,48.79325527642381,2.3544129693035165,1420,0,4,2,192,3,0
27,35.65598914940132,139.65677056291378,1533,0,3,0,172,0,0
10,40.72418266413157,-74.11179599977355,1081,0,18,4,192,0,2
26,51.571082016607576,-0.15271339415501747,489,0,22,2,172,2,1
19,48.8133243407612,2.362617764797964,1116,0,19,3,172,0,2
39,48.86195801138911,2.4120345408827317,822,0,3,1,192,2,1
3,19.4461936581385,-99.07529445759879,101,1,7,5,198,3,1
45,40.66589113122862,-73.99890694723963,791,0,1,6,192,2,1
13,37.71916261463376,-122.41451620722198,1116,0,2,6,10,1,0
50,40.707085602219905,-74.01386487126004,482,0,12,2,172,1,2
28,37.76747362238192,-122.38258052649077,342,0,2,1,192,2,1
20,40.632432017149874,-74.0509893931392,726,0,1,0,172,2,2
28,37.772871408662745,-122.47833315447356,633,0,6,3,172,2,1
8,37.77720570531005,-122.42194262606205,1095,0,18,6,10,3,0
41,51.43721216774737,-0.20045825731271388,1124,0,6,5,192,0,2
39,48.72541058822254,2.291166497515904,883,0,9,3,10,2,2
1,51.508116162910525,-0.11999060885295612,1625,0,14,3,10,1,0
3,37.78499497798143,-122.45829594063336,1639,0,20,3,10,1,0
13,37.77398482579893,-122.39953776953793,615,0,11,5,192,2,0
28,37.711498222524945,-122.41323354628047,546,0,15,1,10,0,1
49,55.78862406059176,37.59276139350886,162,1,14,3,203,2,1
25,40.76591171651748,-74.02937171719125,1305,0,8,0,172,0,2
33,37.73189695724385,-122.39155794107235,1185,0,14,2,192,1,1
38,-33.76713531152668,151.2135676809444,168,1,1,1,93,2,0
6,51.53914539020568,-0.1532358610548922,1702,0,9,5,10,2,2
44,48.7945191890102,2.3605132822950363,1535,0,19,5,172,2,1
45,1.3683199985893957,103.80190444548094,77,1,18,5,198,2,0
32,35.707752825901075,139.61759599950926,1035,0,0,0,10,2,0
45,-23.595604313292586,-46.58026785347569,59,1,9,6,93,3,1
47,35.72946738132708,139.61858284470821,1052,0,11,5,192,0,2
21,51.59334252452024,-0.14215533462651248,1349,0,15,6,10,2,1
16,19.4368391432322,-99.13743262709242,112,1,0,5,203,3,1
21,51.53358801087228,-0.11422892530995288,1302,0,7,0,192,3,0
11,51.52029810807908,-0.17877808158599431,1212,0,6,1,172,0,2
37,35.591771884160515,139.70740800141263,1094,0,4,1,10,1,1
36,-33.89607229994699,151.20684833132833,253,1,4,4,203,2,3
35,19.44893994549449,-99.05174951983254,147,1,1,5,203,3,3
19,48.86466789623213,2.332460121853795,1453,0,15,6,10,0,0
20,40.68662278093566,-74.0078678420621,1529,0,0,2,172,0,0
18,37.72943176151797,-122.41795621384254,1166,0,14,0,192,3,0
47,35.6735990155771,139.7323763474322,484,0,21,1,172,3,1
41,51.50321994307045,-0.2240244080524425,1165,0,0,2,192,1,1
49,48.990275548519826,2.4000416865578047,1054,0,4,2,10,3,2
14,48.96071743720478,2.2943340006507755,1557,0,0,5,192,2,1
15,40.701708660937186,-73.97227993792528,681,0,15,6,172,2,0
31,51.53421956861422,-0.11245311463202241,1189,0,18,4,192,2,1
1,51.39741946407497,-0.21342197287821568,1591,0,16,1,172,1,2
3,37.8507760054532,-122.33463352335652,1172,0,0,6,10,0,1
16,51.502067435428174,-0.05827862627968089,490,0,12,0,10,3,1
23,-33.919961388307165,151.16957869732659,30,1,4,1,203,3,3
11,51.45228598390684,-0.1702959772844323,1351,0,10,1,172,3,2
12,35.712334800476135,139.6071823813468,999,0,13,1,192,0,1
10,-33.756812848003605,151.23230353031738,247,1,18,0,198,2,0
32,55.810026352324755,37.64179702914,124,1,11,3,198,3,0
16,19.493313482522964,-99.17659999997693,89,1,7,4,93,3,0
8,-33.79645332309002,151.2163469442796,263,1,2,3,93,2,0
38,-23.49003669445156,-46.70527820266881,279,1,10,5,93,3,1
12,35.68522916033042,139.65756193583908,1589,0,5,5,192,3,1
24,-33.89976182324897,151.22495594148737,278,1,16,0,203,2,3
28,37.85188034240008,-122.45420761794816,471,0,20,0,10,2,2
8,37.82299271781025,-122.47577115280733,895,0,9,1,192,2,1
28,19.538072229732123,-99.09396998407817,249,1,21,6,203,3,0
36,51.59365586661293,-0.09419697404531163,1195,0,21,3,172,0,2
26,51.526930658886464,-0.08815335297570409,462,0,16,1,172,3,2
8,37.768077626832294,-122.50029169527791,1278,0,1,2,10,0,1
50,40.735169967323344,-74.04377516672999,915,0,19,1,192,2,1
28,-23.60558309576897,-46.60148534157807,86,1,11,5,93,3,0
28,37.76094457625502,-122.3680147796697,561,0,14,2,192,2,1
37,-33.908247038437956,151.18575855117433,163,1,10,4,93,1,3
41,51.56491480131507,-0.11380786695011956,809,0,5,1,172,0,2
36,51.43353359795469,-0.11491195585699444,1371,0,8,1,10,3,0
27,35.75026192742944,139.62637112776892,1175,0,21,1,192,0,0
17,35.70610288482265,139.60783065424218,905,0,16,3,10,2,0
9,19.42576083625153,-99.07870822317749,34,1,8,6,198,3,1
33,37.78586158338775,-122.35493650686422,1428,0,21,3,192,2,1
20,40.7340651202114,-73.89506301613996,456,0,11,1,172,3,0
13,37.69665433153904,-122.43025966750304,392,0,19,1,10,3,2
28,37.7206733103354,-122.47021245872291,1351,0,8,3,172,3,2
48,1.301740815309698,103.82818629110257,65,1,14,2,93,3,1
29,48.867915046741096,2.3735727962497557,1345,0,7,6,172,1,2
13,1.2959469719927725,103.80358875905009,227,1,22,3,93,3,1
46,51.45918526801218,-0.0810059221864142,1145,0,17,2,192,0,2
35,-23.594013377509047,-46.643985607599795,58,1,14,4,93,2,1
6,51.53541532206615,-0.15858143372487823,1251,0,14,6,172,3,1
18,37.809593922249036,-122.33959601322334,1653,0,13,0,192,3,2
5,40.72228558643628,-73.96091945427158,1775,0,4,4,172,2,2
47,35.57252895555318,139.6288474036576,1464,0,2,0,10,1,1
25,40.72204504084645,-74.05864825392001,818,0,9,6,10,1,2
2,35.686582466770204,139.70329702780293,1027,0,11,1,10,0,0
10,40.6188219685995,-74.0654536432902,821,0,20,6,172,3,1
30,40.72204066353821,-73.982979013528,1499,0,0,4,172,0,2
50,40.74970401874548,-74.00045552605562,467,0,9,5,172,3,2
45,-23.52742437974921,-46.58812596457297,267,1,7,2,93,3,3
5,40.69207709491148,-74.03642930430033,333,0,16,3,10,3,0
33,1.3436746684532566,103.82977439711387,68,1,11,2,93,3,1
1,51.474486327839934,-0.1474878658236606,1654,0,3,2,192,0,0
18,37.794785088525366,-122.41151246094852,1247,0,6,4,192,0,2
32,35.66693314385921,139.56324653449684,667,0,10,6,10,3,0
47,35.67602460039957,139.60179980162454,673,0,7,2,10,2,0
49,48.905754135260295,2.3367639423360744,1104,0,20,2,172,3,1
11,51.45758839718887,-0.13087716369400243,392,0,22,3,172,0,1
21,51.57093497925461,-0.09625920754276904,470,0,8,0,172,0,2
26,51.518395857530294,-0.1941047529523428,1152,0,20,3,192,1,0
25,40.79388000498832,-74.0370813587018,1742,0,3,2,172,1,1
22,35.72288919564362,139.63403185608243,909,0,21,1,192,0,0
27,1.3939753936241621,103.88514370479376,170,1,16,1,203,1,0
49,19.46500686349538,-99.09540725201201,242,1,12,1,93,3,1
13,37.769978050692224,-122.44109830710363,1672,0,18,2,192,3,1
33,55.76271493448929,37.60030427471154,240,1,19,0,198,3,1
34,48.97996018554063,2.302582085675474,1577,0,4,6,10,1,2
41,51.55750426082952,-0.10194015827304932,842,0,5,3,172,1,1
35,-23.5390063895938,-46.559305695004305,184,1,1,2,93,3,0
1,-33.85388112736994,151.17755465401288,105,1,10,5,198,2,1
21,51.52198651886267,-0.13695891344526143,732,0,21,5,172,2,1
48,37.800064233440835,-122.37874631841852,679,0,18,0,10,3,2
6,51.464445602881796,-0.06803319409985921,460,0,18,3,172,2,2
28,37.76215500775658,-122.39721930386588,1537,0,9,2,192,0,0
17,19.463451508516037,-99.11483056546847,142,1,7,3,198,2,3
5,40.70734457411737,-74.03042987909963,1679,0,16,5,192,3,0
31,51.49395027463483,-0.04954140337355614,517,0,3,0,172,1,2
5,40.66950667814355,-74.04196216689814,1188,0,15,1,172,2,0
38,37.73674255884281,-122.4126123060041,1394,0,14,1,192,0,0
3,37.69866472750061,-122.48707799280672,336,0,5,0,172,2,2
23,37.761852258352036,-122.4837887722649,311,0,9,6,172,0,0
37,35.61588643453586,139.58628657953184,1108,0,11,5,192,0,2
37,35.633869414543334,139.68686232533352,538,0,23,3,192,2,1
10,40.760585397806054,-73.91004995533908,327,0,17,2,192,0,1
10,-23.456381907074327,-46.59398436450598,97,1,21,6,203,0,3
19,48.90798388374005,2.358755104534296,1643,0,19,4,192,1,1
17,-23.524506757399386,-46.53611984759084,254,1,7,5,203,2,1
21,51.52596064340284,-0.070138071072738,1242,0,3,5,10,3,2
14,48.809882419571075,2.3188880637870883,1716,0,13,0,10,2,2
9,48.87220347988975,2.3596965835031694,1129,0,15,1,172,3,2
46,51.476403290629754,-0.007431120803439051,1647,0,7,0,10,3,1
1,51.51602970519574,-0.1499362526092331,1532,0,20,5,192,3,0
45,40.720380941368035,-74.00472866486942,1786,0,5,1,192,3,2
13,37.784290127394556,-122.49908585076754,1296,0,16,5,172,1,2
4,48.92119733482834,2.4196414710219574,920,0,17,5,192,1,1
1,51.58091603860182,-0.11152841207318512,1566,0,2,2,10,3,0
49,48.88972405300822,2.3088886525996375,1563,0,21,0,172,1,0
40,40.75444496642987,-73.9934106146553,1038,0,9,0,172,1,0
32,35.65317966921804,139.69353723458204,1714,0,16,3,10,3,2
34,48.901772451804554,2.3552304417837466,1679,0,0,2,10,2,1
28,19.45451912900642,-99.18478585059668,212,1,6,0,93,1,1
31,51.56955917186072,-0.1727406594017451,919,0,4,2,192,2,1
8,-23.585771282403957,-46.63018421772847,54,1,3,4,198,1,1
39,48.912325814210924,2.407897431660783,556,0,7,0,192,1,1
26,1.3518587689047437,103.8584506681127,79,1,2,4,203,2,0
34,48.77214707753355,2.3162340004935222,328,0,15,2,172,0,0
3,37.73995247802682,-122.356789354512,690,0,9,1,172,1,0
50,40.745532708145404,-73.99676736120477,529,0,22,0,172,3,0
12,35.69028675319147,139.7287169638015,332,0,6,1,10,3,2
1,51.49889101667467,-0.193503365426702,1725,0,20,6,192,1,0
44,48.910959759219764,2.361291951860253,685,0,5,0,172,0,0
5,40.76048358390829,-74.00823824036932,354,0,15,2,10,1,2
30,40.670865523814804,-73.98585891394585,728,0,17,0,172,3,2
30,1.3526087535370717,103.82904711414372,256,1,2,5,93,3,3
17,35.75702852470587,139.59536487613076,1628,0,22,1,172,1,2
48,1.3663959330237991,103.77885016549207,84,1,19,5,198,3,3
47,35.546672701344,139.64785174054887,1630,0,14,0,10,3,2
23,37.77645114684999,-122.38822389485246,795,0,9,3,192,3,2
15,1.341222962570803,103.74534998224381,233,1,7,2,198,3,3
37,35.63507842113726,139.71614794183432,1582,0,16,1,10,3,0
21,51.465568603535466,-0.04863872351537467,1403,0,21,0,10,0,1
14,55.80829921462857,37.601410969783196,107,1,9,1,93,2,1
2,35.639746041844866,139.7026956484565,476,0,12,5,192,1,0
11,51.49535443774531,-0.20508250698499791,916,0,15,0,192,2,0
39,48.884715831031166,2.373063172392909,1249,0,4,2,192,3,0
38,37.83178531013574,-122.40192025003198,603,0,22,6,172,2,0
34,48.82914265114771,2.4156839419801064,1270,0,11,5,192,0,1
38,-23.48215047836606,-46.62163970180074,226,1,1,0,93,3,1
50,40.71581609572665,-74.07216355115526,344,0,10,3,10,2,1
34,48.82622368288268,2.3902384820979674,538,0,16,6,10,0,2
18,37.74703598498187,-122.49224189346967,640,0,16,3,172,3,1
30,40.88759388948001,-74.07917029792134,612,0,10,2,172,0,0
15,40.82563756982171,-74.02137117222992,1738,0,20,4,10,1,1
27,35.67197185004281,139.61668608639062,1211,0,11,0,10,2,2
34,48.895741858236896,2.2802112893444955,1293,0,22,2,10,3,2
38,37.68288354818829,-122.33889142353107,1265,0,16,1,172,0,1
33,37.734701380059654,-122.38209559402301,340,0,19,1,10,0,0
24,19.37832719615519,-99.09777894785528,240,1,17,3,93,2,3
15,40.79697732493892,-74.03235606927076,1498,0,23,0,192,0,1
30,40.616127944660704,-73.9215603043345,796,0,15,2,10,2,0
42,35.72251221607625,139.62662143831142,712,0,16,5,192,0,2
17,35.66530239733657,139.5947673901875,903,0,4,0,172,2,0
5,40.7838128466221,-74.03273578039054,1466,0,6,2,192,0,0
29,55.684864573122624,37.62798229407562,210,1,1,3,93,2,0
4,48.813599331921075,2.3006992712068444,404,0,16,2,192,3,2
10,40.691295039811905,-74.00168223422499,983,0,11,4,172,2,0
17,-23.619555487795736,-46.564042553739384,14,1,9,3,203,3,3
10,40.74665798560329,-74.02426814953864,510,0,10,5,192,2,0
17,35.63103282568515,139.64583872735415,1591,0,13,6,10,1,1
20,40.75777175203779,-73.96877079864002,1760,0,21,6,192,0,0
24,48.90952521502256,2.3281811254509837,1184,0,5,4,192,2,0
5,55.609553741040166,37.67969055989581,222,1,2,5,93,2,0
34,48.84824019284638,2.385508303273583,1315,0,11,6,192,0,0
6,51.59086143773201,-0.006079568338115904,1485,0,3,0,192,3,1
2,-33.90129107390704,151.2159979953583,293,1,8,3,203,2,3
13,37.843241823030276,-122.46161395092615,895,0,9,2,172,0,0
43,19.40349442031048,-99.16260192892294,28,1,1,1,93,3,0
43,37.7734954843296,-122.4304061840145,1298,0,2,5,172,0,0
48,37.745210233887185,-122.46768787078031,1118,0,14,2,192,2,1
11,51.547997016419764,-0.060908448951694144,1295,0,21,1,10,3,1
47,35.750335739708625,139.62624632213075,1351,0,23,4,172,0,0
23,37.817586233612865,-122.40758370486361,1510,0,11,3,10,1,0
16,51.47886643256933,-0.09108908906459019,1784,0,22,6,172,0,0
31,51.476569747297724,-0.14660883013908443,1552,0,17,6,10,2,0
11,19.36376351487482,-99.15641105487167,259,1,5,1,203,2,3
16,51.520093060450726,-0.04935327521612522,774,0,22,5,172,2,2
8,37.757225227689915,-122.47130845735434,1762,0,20,1,10,2,2
4,48.93146844854671,2.326972378145789,424,0,19,6,172,2,0
40,40.625380917192956,-73.99934531324315,1381,0,7,0,192,0,1
4,48.840361326336044,2.4672197821342583,338,0,16,5,10,0,0
25,40.73656830171736,-74.01331711768275,1164,0,5,1,172,1,1
3,37.72867513953722,-122.40289165794034,1480,0,10,0,172,1,0
32,35.749035497503094,139.66589070917385,946,0,0,1,10,3,0
3,55.71342851539411,37.6442403105876,293,1,18,6,93,3,1
27,35.67376965525636,139.6727306551659,430,0,12,5,192,2,2
29,48.83885963249079,2.3332852362869394,848,0,13,6,192,1,0
32,35.655311010128415,139.69741190757486,1627,0,2,2,172,3,0
50,1.3336887362379455,103.79681346343129,223,1,0,6,198,2,0
19,48.809496704921884,2.374900690085838,1269,0,1,4,192,0,2
21,51.52298509010656,-0.15023841122443155,539,0,22,6,172,2,0
5,40.67733106462211,-73.91219132933861,1313,0,13,1,10,0,2
18,37.680877847243764,-122.39474139983992,1575,0,23,0,192,1,0
28,19.4971701774108,-99.30254068807442,187,1,14,6,198,3,0
42,-23.51079299699619,-46.6443127300748,239,1,3,1,198,3,3
22,35.68900274321417,139.63413810177389,1728,0,10,2,172,3,1
21,51.561169672282304,-0.10964403291643213,1193,0,3,5,192,1,0
6,-23.543914005523284,-46.67824303034793,20,1,19,4,198,2,0
1,51.601514611691705,-0.12730344901333646,630,0,22,5,172,1,0
5,40.82729028987303,-73.90962153074109,889,0,6,2,10,1,2
41,51.41848245163673,-0.1605472980401345,1787,0,7,5,10,2,1
12,-23.602347550298745,-46.63571030407435,108,1,18,2,203,3,3
26,51.5167582010243,-0.11630367660532848,1261,0,15,0,172,0,1
46,51.56010643380095,-0.053120861534556515,1004,0,13,5,10,0,1
34,48.904974387461934,2.3241532392888127,1197,0,15,4,10,1,0
49,48.81749880674463,2.3523380917941967,775,0,14,6,10,3,2
14,1.373405976320233,103.81064043271414,269,1,9,4,93,3,3
26,51.440125758187385,-0.09369702457115997,749,0,1,0,172,3,2
45,40.6931842615633,-74.02712563672111,1503,0,15,6,192,1,0
27,35.6734693662971,139.63830505414597,1702,0,20,6,192,3,2
9,48.8382749472244,2.2881937346533405,994,0,4,3,10,3,2
26,51.501787626652415,-0.0926523104046566,1533,0,12,1,192,3,0
47,35.689432200256064,139.69770607195503,1764,0,19,1,10,2,0
22,1.3156727488839997,103.7558970760441,249,1,0,0,198,3,3
47,35.6639075010511,139.61958816907256,568,0,5,6,192,0,0
30,40.68728325083961,-73.99541251409595,900,0,13,2,172,2,2
43,37.74974597304477,-122.48190342446031,1780,0,0,6,10,3,0
48,37.7469502636059,-122.40239703165696,1756,0,7,5,192,3,2
17,19.466174030050347,-99.10012886079583,209,1,6,2,198,2,0
26,51.52862365471239,-0.13620467329826222,1153,0,21,0,192,0,1
36,51.52764570494795,-0.12991678290991185,1678,0,13,4,172,0,0
1,51.513054806891006,-0.174766336893297,1636,0,7,3,172,2,2
8,37.77709374818804,-122.40046668828742,1037,0,6,2,10,3,0
49,-33.85174363432802,151.14492404869705,251,1,16,4,198,2,3
35,40.71761303882017,-74.0781944788732,631,0,22,1,10,2,0
15,1.3607838323069263,103.78473314041986,116,1,1,0,93,3,0
47,35.76148214712627,139.65626216646478,878,0,13,1,10,0,2
22,35.7162582009912,139.7558436318512,1714,0,18,1,172,2,2
14,48.815729909445565,2.3739837455452952,476,0,23,6,192,3,1
26,51.448104449538356,-0.11055514958750404,1666,0,20,5,10,3,1
28,37.86318546332252,-122.45079416072208,1288,0,20,2,172,1,2
23,55.71150228433527,37.612741288324074,76,1,15,4,198,1,3
14,55.85809086440442,37.65585194599766,98,1,13,5,198,2,0
24,48.8113542673972,2.4249530291240884,708,0,10,1,10,1,1
2,35.593446850383344,139.75712795644012,620,0,18,5,172,2,2
45,40.75562253400076,-73.91782212799967,1540,0,15,3,10,0,0
26,51.4250100945808,-0.11932790845701567,1307,0,3,3,192,0,0
14,55.74910555367172,37.566951026327665,61,1,0,1,203,0,1
7,-23.61530118101257,-46.60794593706202,222,1,0,5,93,2,1
3,37.80478658540569,-122.35440129766371,1311,0,15,6,172,0,1
47,35.65102894733366,139.64321950949218,921,0,3,5,172,3,0
23,-33.9379229962473,151.28633929059976,130,1,4,0,93,2,3
46,51.51087740438786,-0.09167057491899472,728,0,6,4,172,2,0
43,37.812795269805555,-122.3464446421349,1440,0,2,6,10,2,1
47,35.63463002663663,139.68517933001735,396,0,21,1,10,1,0
45,40.711549564684546,-73.90071614668297,337,0,9,1,172,0,1
18,37.7331817910502,-122.3608286826118,1034,0,17,0,172,0,0
38,1.3696170889614199,103.8346928047103,143,1,19,3,203,3,1
35,40.71550103630238,-73.93866670885816,1031,0,17,0,172,1,0
15,40.725992585053696,-74.08222076690605,1686,0,17,5,10,0,2
25,40.77377517843561,-73.95418990839342,624,0,5,2,192,0,0
37,35.705556884210644,139.5938763185126,657,0,17,2,192,0,1
28,37.726244231988936,-122.5132721442618,1331,0,20,0,10,1,1
10,40.735816493658994,-74.07347744240872,365,0,4,1,172,3,2
39,-33.95473754464311,151.273049455965,42,1,22,2,93,2,1
17,1.3905089782231423,103.80314141675845,182,1,16,4,203,3,3
39,48.84989767083714,2.231832789650803,1181,0,22,0,192,0,2
22,35.72203724595296,139.61566342677554,533,0,16,0,192,1,0
26,-23.533985456843343,-46.75772811308957,126,1,21,1,198,3,0
44,-23.50162159839192,-46.67094223846929,71,1,2,6,198,3,1
25,40.64399788681053,-74.02298008172441,1450,0,1,6,10,3,1
17,35.64638023910323,139.70401338064548,758,0,0,5,172,2,0
13,37.75388024388192,-122.35126914866933,1296,0,22,1,10,3,1
20,40.72930713078946,-73.96128160563939,828,0,19,4,10,2,1
25,40.712691677338604,-73.942397050883,996,0,4,1,10,2,1
4,48.798918800485865,2.3578812228747164,1027,0,23,4,172,1,2
10,40.69297820852843,-73.93616857602464,395,0,22,3,10,0,2
3,37.84985172023298,-122.41937893703815,1440,0,9,5,192,2,1
41,51.44282444494521,-0.10644513416041662,847,0,22,4,192,0,2
45,-23.633730486751688,-46.55199286006084,87,1,21,4,93,3,1
18,37.751241496468204,-122.42092850817087,1713,0,14,1,172,0,0
47,35.642152446209664,139.60521092066494,1355,0,16,5,172,2,2
36,51.54426456582735,-0.13573083385256607,1537,0,23,6,172,2,1
47,35.67832412694616,139.60010544603904,1671,0,17,5,192,1,1
22,35.71900296117485,139.69818948675683,513,0,18,1,10,3,1
34,48.84615357565602,2.415596106666594,1746,0,18,6,192,0,0
47,35.670993792288776,139.68928777481443,403,0,4,1,10,3,0
8,37.693753620958496,-122.40172845667567,1196,0,20,6,192,1,1
40,-33.88237407338035,151.21707612129777,244,1,16,2,198,3,3
49,55.76133412028279,37.62358499110885,66,1,20,1,203,3,1
44,48.887385036468125,2.323941318419701,516,0,16,6,10,1,0
19,19.461053962976784,-99.07157375584411,62,1,1,2,203,3,0
42,35.60569294975099,139.6112729950885,1451,0,15,3,172,1,2
41,51.470473228724934,-0.18240228997254798,385,0,4,1,10,0,1
37,35.65246511151815,139.70195592576997,1338,0,7,4,192,3,2
6,51.57977934622562,-0.12249125151267488,515,0,9,6,172,2,0
26,51.49118819945759,-0.08765380154596698,642,0,4,1,10,0,1
34,48.73840157528739,2.299441076394842,1590,0,11,1,192,0,1
45,19.316518479665007,-99.18648498586778,70,1,6,0,93,2,3
6,51.4690491236549,-0.053915906103116085,720,0,14,3,192,2,2
37,35.5381469016922,139.62946486998828,1040,0,22,1,192,3,2
